influencer_id,platform,date,URL,caption,reach,likes,comments
1,YouTube,2025-06-09,https://youtube.com/post/d1117db2-2117-4354-a13d-73b8561cf3aa,Feel pick take despite address report.,251652,58808,5259
1,YouTube,2025-01-22,https://youtube.com/post/30bb4d7c-a2d4-4458-8cb5-cbc1b64ac5b0,Would idea spend physical agree computer ten.,789611,177081,12023
1,YouTube,2025-03-08,https://youtube.com/post/839cbd1a-49de-45ef-89a0-23dc934c6d8e,Exist dream probably method structure scene culture end although thus.,650563,84373,6527
2,Instagram,2025-06-10,https://instagram.com/post/a6798b70-0df9-4729-b743-66270d04889f,Shoulder scene seven least sometimes share watch he physical right sometimes.,910204,96322,13393
2,Instagram,2025-05-19,https://instagram.com/post/0e953e70-9155-4faf-a0a5-c4dcc9488776,Help six financial would letter.,422136,103942,12593
3,YouTube,2025-04-04,https://youtube.com/post/d1193a38-8ffc-424b-8a75-dac8520d528d,International throughout cover account focus discover drive hotel.,142744,34840,2102
3,YouTube,2025-04-03,https://youtube.com/post/53839a51-e613-4922-91b0-715df16e0d1c,Plant language hit condition he enough.,729081,75163,3640
4,Instagram,2025-03-18,https://instagram.com/post/d320ff92-2129-42ac-9af2-1f7568165602,Should imagine husband bill table free improve common.,114905,23818,2481
4,Instagram,2025-04-03,https://instagram.com/post/f26b27ba-db44-4dc1-b2eb-a93684bba10e,Watch clearly great majority ability commercial yard while.,282960,20692,3784
4,Instagram,2025-06-09,https://instagram.com/post/1d0812ef-0afc-402b-8f85-be158a07dd9c,Card available against city appear state class design man.,73951,4354,453
4,Instagram,2025-06-15,https://instagram.com/post/87dd9df6-3dba-4c6f-9875-27751aa93c7b,Effect field field international house manage out.,160760,33968,4985
4,Instagram,2025-05-14,https://instagram.com/post/0ee9c94a-1ebc-4c52-98d6-f130b8bdac78,Bar example writer administration region.,271387,53573,3401
5,Instagram,2025-04-19,https://instagram.com/post/e8bbd473-ebb3-4c1c-98aa-1aa415188d7a,Three store book between affect step range.,105918,19366,1668
5,Instagram,2025-06-07,https://instagram.com/post/eb26d466-0e2f-4009-8398-c23c699ab82a,Fire nation owner floor traditional government successful same sport.,266519,58528,8917
5,Instagram,2025-04-18,https://instagram.com/post/ac685739-0c07-41f9-b358-74f6d8f2f72a,Themselves he keep professor ask evidence listen garden.,257570,28810,2864
5,Instagram,2025-04-03,https://instagram.com/post/fbd28d3b-3be8-4c4d-82c8-3f5bc209bb60,Exist to financial contain red agent including.,324774,35442,1830
5,Instagram,2025-04-23,https://instagram.com/post/ef7956c2-4970-4b78-8b10-922a0225dc88,Single determine thing for your school ball day.,336655,80148,11633
6,YouTube,2025-04-02,https://youtube.com/post/b8e92087-a936-4dcc-80f0-bdfab1d9c0da,One remain build most drug culture.,187388,20648,2542
6,YouTube,2025-04-29,https://youtube.com/post/a26e7714-74ba-4e58-8dea-ee03c839532d,Activity successful agree dark into.,24222,2601,268
6,YouTube,2025-04-25,https://youtube.com/post/e186cff0-8942-4a63-853c-6558efdc0b8f,Threat put choose show necessary red.,177963,32200,3511
7,Instagram,2025-05-29,https://instagram.com/post/365e9aee-253f-41f1-ac69-1fdae3257fa0,Within service story many write guess crime.,679330,103417,17057
7,Instagram,2025-02-09,https://instagram.com/post/394deda4-5935-419f-bcd0-bdce7dbab058,Exactly energy occur century month morning I.,931202,183625,26075
7,Instagram,2025-03-20,https://instagram.com/post/8827c08e-78cc-479a-a7f4-415210839aee,Nothing news director step common learn.,332067,60692,8210
7,Instagram,2025-01-21,https://instagram.com/post/d7d4bc06-8430-4113-9ccb-337e0104abf9,Tax someone goal natural strong.,163329,39264,2745
7,Instagram,2025-03-14,https://instagram.com/post/f06ad376-7a65-419f-b758-5e562458bee3,Face concern million catch relationship value book amount.,355670,75157,4137
8,Instagram,2025-03-23,https://instagram.com/post/f13079d5-0348-426d-b4a8-27be1fdc9877,Recent sell each your challenge fight course audience.,111303,16141,2815
8,Instagram,2025-03-04,https://instagram.com/post/4ee81c90-6ab1-48f2-9053-e8c99cdbbb07,Threat modern successful run seat field plant short safe.,54279,7213,988
9,YouTube,2025-01-20,https://youtube.com/post/a5615085-3f7e-4352-a8ff-ab00a151046c,Easy look maybe society radio still executive perform positive option.,95472,12105,1185
9,YouTube,2025-05-21,https://youtube.com/post/eacdaeb1-c8f9-41ef-a44a-ff63247c3e2a,Trip next describe kitchen compare smile.,28134,5275,958
9,YouTube,2025-01-28,https://youtube.com/post/0d6c1baa-c5c8-4d1d-ab11-28b85d8de698,Sit summer quality tell who great enter start.,112236,25488,4137
10,YouTube,2025-03-12,https://youtube.com/post/66925c61-b7b4-4afe-a21a-1ae393058769,Although until other major theory me there poor yard available.,188719,45593,5382
10,YouTube,2025-05-14,https://youtube.com/post/00c512cc-53b6-49f0-a7c4-1dedd56bf2b3,Food meeting reason family once charge hundred.,99827,9966,1736
10,YouTube,2025-05-18,https://youtube.com/post/91af6574-f784-43e4-92b0-f5d8d5ffa543,Number talk end since they organization page street.,387186,81418,11682
11,YouTube,2025-03-13,https://youtube.com/post/32c1d698-5887-4a59-b491-5cf03e1c1cb0,Democratic accept owner guess soldier southern exactly mention role.,161324,36827,4940
11,YouTube,2025-01-26,https://youtube.com/post/6e186396-081c-4631-b58f-36c697bb7df8,Discuss investment him must subject.,125560,18953,3244
11,YouTube,2025-01-20,https://youtube.com/post/91ff39b0-d05b-4b41-925b-81bc26e2e4de,South cup certainly human hit but thought.,98996,22713,3552
11,YouTube,2025-04-15,https://youtube.com/post/2d25f1c3-2d73-4636-b5a2-fb0239ee49db,Police present toward shake part provide important fish would everyone.,87652,8926,642
12,Twitter,2025-02-11,https://twitter.com/post/e3e0df53-0e9d-417f-95f0-75ef92308659,Attorney in nothing deal customer today his.,829018,127884,17462
12,Twitter,2025-06-12,https://twitter.com/post/ae1700e1-3427-441c-ada0-2ce0ead2fbbb,Consider boy area hotel.,353686,23165,1820
12,Twitter,2025-02-24,https://twitter.com/post/61525d28-6e95-44c6-b4a8-b59faed1807c,Also that sign table deal cell none.,350897,39981,4870
12,Twitter,2025-05-22,https://twitter.com/post/90e7cda0-d7a8-4b2d-bf3d-ac09585f740e,Last Mr city control meet.,221868,21355,3159
13,Twitter,2025-02-03,https://twitter.com/post/2b2a5383-1a64-49a0-975f-baa68e6e65af,Among to hour certain because man purpose account project.,36114,4749,580
13,Twitter,2025-02-17,https://twitter.com/post/5435022d-a9cf-4dc3-a895-64ba0d097ea2,Pull view will next organization financial game rest deal.,117951,10776,1092
13,Twitter,2025-06-03,https://twitter.com/post/22dcbc8a-ef9c-437c-9c95-ecca3a9721ab,Relate media prepare stand spring than money today turn could.,231801,38668,5732
14,YouTube,2025-02-11,https://youtube.com/post/08ddcf63-d641-464d-9741-d4a23a84adc0,Lawyer foreign bag evening player computer here compare size someone somebody.,155524,37099,2996
14,YouTube,2025-05-19,https://youtube.com/post/13758e78-e4ff-475b-82b5-f8d13ffe54e0,Mission music range expect today stand week.,131700,30070,5174
14,YouTube,2025-04-07,https://youtube.com/post/f1c59d4b-ca8a-4d4a-a5eb-0688c6e11cae,Guy visit sit international decision level kid result personal.,172296,33929,5631
14,YouTube,2025-07-19,https://youtube.com/post/0a7496f9-dd9e-474f-a10d-a4fb3387c20e,Way section deep watch enjoy relationship heavy reality.,270775,39978,3054
14,YouTube,2025-04-03,https://youtube.com/post/e40c6637-2f07-4f0f-bb9f-aa2604510738,Ability gun sea start knowledge light.,157897,20174,2899
15,YouTube,2025-03-11,https://youtube.com/post/05b90262-cae4-4cb1-9d06-7984e37a8069,Class color simple page personal.,366342,79899,14886
15,YouTube,2025-06-09,https://youtube.com/post/9f0edeb0-4e75-4d34-8597-98005802361f,Difference because cup three five enter.,481644,75533,13911
15,YouTube,2025-02-22,https://youtube.com/post/d2530426-ac8e-4478-a3a9-663ac28e65c3,Item possible century ask bring.,306885,56037,2480
15,YouTube,2025-05-02,https://youtube.com/post/eca0044e-568d-4ada-a095-00cab1095e65,Establish natural article foot TV effect improve.,233499,52156,3175
15,YouTube,2025-06-05,https://youtube.com/post/856ca870-1656-46bb-96fe-d7fe399bc4ea,Beyond bar want class home loss hour worker.,157786,18219,1954
16,YouTube,2025-07-14,https://youtube.com/post/b0ead712-0757-49ca-ae87-d3e7e5da5ae9,She military husband focus agent service design central history daughter.,373218,46960,7412
16,YouTube,2025-03-08,https://youtube.com/post/28e528a2-fc99-4047-9c68-e5137143540a,Establish from mouth school former idea.,404180,40601,1783
16,YouTube,2025-07-14,https://youtube.com/post/5dda1547-07ca-4f47-9729-d1f092f79abe,Still voice pass mention beautiful enjoy half identify best.,48305,7626,1525
16,YouTube,2025-02-25,https://youtube.com/post/9fcff8ea-949a-4e68-a281-8c34c4bd48b2,Figure nothing rule home quality wind majority compare.,193091,34761,5659
17,Twitter,2025-04-25,https://twitter.com/post/80417c1b-39d5-44d7-b8ec-bb7c2a9e63eb,Man ago own measure why.,922361,221295,14138
17,Twitter,2025-04-01,https://twitter.com/post/4c58c526-ba87-43b3-b0fa-f296ceca5961,Difference however pay name second discussion benefit every catch.,121457,9774,502
18,Instagram,2025-06-04,https://instagram.com/post/f726bcc5-6e70-497c-ade5-7c7b214f1960,Price require side born sell western Congress wide.,486839,45564,6784
18,Instagram,2025-06-17,https://instagram.com/post/d519986f-342d-4cc7-a7c8-136a985a6807,Or our wish beat that.,637697,53284,7099
19,YouTube,2025-04-30,https://youtube.com/post/7532b2db-1143-49fc-98f5-141e88908d68,Should per prepare defense plant crime present condition analysis local theory.,472734,39120,3242
19,YouTube,2025-04-29,https://youtube.com/post/89812f3e-9606-4b80-bf72-e74e069e8bfc,To despite line share owner stage sound.,364383,85913,10987
20,YouTube,2025-01-25,https://youtube.com/post/6e043abc-5d9e-406d-b06e-6bbde07d1b71,Paper history establish prepare future marriage base successful usually.,390371,75342,3233
20,YouTube,2025-06-25,https://youtube.com/post/6c31053e-b31e-44a5-b1b4-6a827dc9cced,Seat program benefit radio whose story cultural next tax work.,625732,109783,5195
20,YouTube,2025-04-24,https://youtube.com/post/5d61fdda-86fc-4993-8ead-760247ce2403,Make herself old event nor.,691279,152121,20090
20,YouTube,2025-03-10,https://youtube.com/post/5ea4da4e-65ff-4ac2-9d87-d2d92bc54c33,Popular catch church contain generation here.,169710,41879,6828
20,YouTube,2025-03-17,https://youtube.com/post/16536187-c6d9-4fa2-b39b-48077dafd79b,Little few meeting discover value.,350778,47592,4425
21,YouTube,2025-01-26,https://youtube.com/post/a2e94cc3-1db7-4c9a-95ff-e3a2c73cc71a,Follow rich kid state Republican change mother.,97302,13039,1477
21,YouTube,2025-06-11,https://youtube.com/post/c07e0b69-e093-4593-be0a-c8286497250e,Environment final certain season south grow air.,492738,60329,10953
21,YouTube,2025-07-13,https://youtube.com/post/d1f79d05-b739-4965-b220-5fbc36afd018,Radio check bring difference action month.,517370,41699,2499
21,YouTube,2025-03-01,https://youtube.com/post/ed77ed8a-a8b0-4931-b927-008eaef40ee2,Financial staff north official professor speech read charge.,575630,103666,13964
22,Twitter,2025-06-15,https://twitter.com/post/f83e8d8f-065e-4818-be86-9ab6d11c94c3,Cut explain movement let future light billion work.,141365,30414,3975
22,Twitter,2025-01-19,https://twitter.com/post/9e32f992-c6c1-4a48-bade-8d578a45abbf,To role decade her.,105102,10415,1967
22,Twitter,2025-07-07,https://twitter.com/post/ea34ee8f-9936-498c-89ee-757f890ce583,Team large level security during.,94069,13184,2077
22,Twitter,2025-04-28,https://twitter.com/post/82713791-01de-4809-8450-7fa88e9ec073,Affect yard television help forward argue recognize.,168066,30863,2690
22,Twitter,2025-05-20,https://twitter.com/post/f4f9d5eb-51c3-498c-85bc-67dfd5bf3033,Thousand simply art us amount speak.,148851,17118,1932
23,YouTube,2025-06-09,https://youtube.com/post/ce21d0a2-3724-40e9-a752-bdba56cd820d,Card project talk American let speak.,521539,61576,11062
23,YouTube,2025-07-11,https://youtube.com/post/e8b1536d-d0be-4223-90d7-3fb8214fb668,Dark whom than star not kid individual low.,464823,48924,1552
23,YouTube,2025-01-20,https://youtube.com/post/a14faeab-f330-4f99-89d9-79e777fd0f14,Line establish fear thing speech.,609698,40924,6237
23,YouTube,2025-07-04,https://youtube.com/post/78a7af27-70c2-449a-952f-106a01a9af65,Three western computer fear man.,340059,68567,10107
24,Instagram,2025-04-24,https://instagram.com/post/a8b5c04a-2bd0-40a4-8e6b-d90cd69d3d14,Reality enjoy some seat without similar bad.,170631,9119,729
24,Instagram,2025-04-09,https://instagram.com/post/888f0405-09dc-44f9-962d-4aaac1a85aa3,Discuss so card them miss.,156775,15467,2209
24,Instagram,2025-06-04,https://instagram.com/post/860c00b7-55d3-4ace-971d-0b918fde35d9,Center commercial activity here nature site.,145577,23393,2068
24,Instagram,2025-03-10,https://instagram.com/post/69dd5523-f761-4416-a86c-7cbb6b0201c4,Pull around animal fly deep letter image say score.,344228,55103,4948
24,Instagram,2025-01-27,https://instagram.com/post/3706c340-06e2-4641-9c53-16b56aa7c81f,Listen item south class herself water fish this happen glass hotel.,172394,19191,1327
25,Twitter,2025-03-19,https://twitter.com/post/189e0e30-b61b-4529-9b57-f4e25a90dcfe,Opportunity camera dark first various modern nothing those party.,127649,25348,4857
25,Twitter,2025-07-11,https://twitter.com/post/568123d8-c97a-41fe-8088-1e7c8953e510,Campaign without prepare road rich our or do parent.,245299,21661,3369
25,Twitter,2025-03-27,https://twitter.com/post/901a83c6-cfb5-49d9-8167-4e1457292d05,Attention draw bring again close.,115386,19375,3085
26,YouTube,2025-06-08,https://youtube.com/post/964cd61f-b155-4685-877f-7b88c76625a6,National candidate simple great space step long answer car reach artist.,505368,109425,8793
26,YouTube,2025-05-07,https://youtube.com/post/8bc2efd5-78a4-43f4-8ec4-0a9173876d8f,Would light he almost many time share hold per or.,213100,23537,3539
26,YouTube,2025-02-10,https://youtube.com/post/2c3ecdf6-318e-42ef-be3e-19630853cce6,Open ready garden create rest unit relationship join behavior pretty.,102586,6063,238
26,YouTube,2025-06-18,https://youtube.com/post/d25d0170-8d67-40d9-8b26-988057eb55c7,Enough knowledge official next pretty painting middle voice.,180675,43148,5973
27,Instagram,2025-01-26,https://instagram.com/post/407b65f9-fbc4-4631-9b3f-9b1a8cb890f1,Chance glass information choose fine dark ground technology modern.,112273,5889,461
27,Instagram,2025-04-15,https://instagram.com/post/5d2021e0-d58d-4737-b288-c9093ab4d41e,Recently remain various writer real class all.,330516,39047,7580
27,Instagram,2025-05-07,https://instagram.com/post/e00cec35-8815-41d8-a541-4e89ebe7a261,Camera any father fund morning president.,199246,44301,2188
27,Instagram,2025-06-14,https://instagram.com/post/6f8b0d05-2b19-4938-984b-c4869a9b5b4c,Not event not head enjoy pick or early protect capital.,90663,13449,1722
27,Instagram,2025-06-05,https://instagram.com/post/10e2751c-e2c2-494a-91da-9651e7638f27,Require name economy course above us now soldier allow.,451052,36239,6084
28,Instagram,2025-05-27,https://instagram.com/post/fe2cf9a9-0905-43fc-be9c-f2027f4de975,Reach change everything office toward cost.,129376,12890,1609
28,Instagram,2025-04-25,https://instagram.com/post/ee5d78d2-69d5-4b17-b8d5-c64977755238,Why response hotel statement perhaps director against treatment development.,372562,63046,8519
28,Instagram,2025-04-22,https://instagram.com/post/e652c4c2-b58d-4e49-bfc1-b5487bccc4f5,Different western building water really feeling yard.,636707,80273,14806
28,Instagram,2025-04-03,https://instagram.com/post/68a941e8-dff6-4bce-aef4-9ed936bb5b4a,Last federal discover sort management stand service part.,285262,47839,4922
29,YouTube,2025-05-01,https://youtube.com/post/cc71a45e-838a-4923-a1c9-6112172f48cb,Order environmental point behind per rise those begin.,59037,11690,2233
29,YouTube,2025-03-19,https://youtube.com/post/1fbeb838-e357-439d-9f3c-dca834b88864,Agreement anything scientist billion owner instead prevent baby enjoy hear let.,25172,2320,330
30,YouTube,2025-07-01,https://youtube.com/post/c0c1346a-5921-422e-915c-2b71d65a1d32,Build tax argue participant state get whatever sit.,205509,32963,1866
30,YouTube,2025-02-22,https://youtube.com/post/0ff362d7-5f9d-4393-bdec-356ed333637d,Show worker federal fall authority country drive activity room direction.,310292,58295,6405
30,YouTube,2025-05-06,https://youtube.com/post/d74b68bf-451a-42a7-b81d-07588c4ed296,Professor right popular talk doctor traditional soldier.,76760,8260,644
31,Instagram,2025-02-03,https://instagram.com/post/489c647f-e65b-4923-bac3-d54b336d2bb6,Staff show sport make glass part natural street.,136528,13200,989
31,Instagram,2025-05-23,https://instagram.com/post/c076da08-6e37-409a-b734-44f086835a65,Hour another better with consumer career benefit but.,743044,124800,20799
31,Instagram,2025-03-03,https://instagram.com/post/d15365e2-fef7-4308-a5e0-e1e8a09ed237,Public almost her process society.,243197,17742,1210
31,Instagram,2025-04-25,https://instagram.com/post/20e72a96-6457-49fc-a70b-45e4180b5676,Manage relationship seek drug former him travel probably discuss.,202067,20838,1129
31,Instagram,2025-01-22,https://instagram.com/post/2be47873-c7a6-46f4-a4c3-79fb257a22b5,Mr eight well from already same radio sport.,126806,26442,3468
32,Twitter,2025-05-12,https://twitter.com/post/bfaa2920-a229-4695-95a9-466fd6bb218e,Collection civil common night catch care could century forward inside.,475745,68383,5586
32,Twitter,2025-05-31,https://twitter.com/post/c6481ed5-c46e-4d25-8fa0-2125bd735312,Simple quite interest smile buy no five school difficult answer.,442855,46255,5633
32,Twitter,2025-07-07,https://twitter.com/post/f7283b7e-57a7-47a3-b694-4df256858245,Writer rest away down care wear son character.,474493,80477,14582
32,Twitter,2025-07-20,https://twitter.com/post/fadd2c7e-3297-4ad6-af13-dd86ef0e609f,Paper born administration nothing so best view chance doctor.,740857,126495,4351
33,Instagram,2025-02-23,https://instagram.com/post/c46e756b-cbc1-410d-884e-719ac8545684,Particular cultural light day school low nothing future the seat.,539541,117183,14974
33,Instagram,2025-02-10,https://instagram.com/post/2da33e07-f3e1-4183-b3ab-5c7572e018d9,Ahead show southern agent bed rule reason establish.,533840,133414,19250
33,Instagram,2025-02-17,https://instagram.com/post/f5d35d05-256b-4335-b90d-75c0756d0a2b,Low west relate brother with course to laugh.,184705,10721,1699
34,Twitter,2025-03-13,https://twitter.com/post/513ebb35-e109-4780-af35-cced0d5f25f6,Do feeling wind dark enough minute.,622825,86227,6664
34,Twitter,2025-03-28,https://twitter.com/post/2df49dab-9ea1-4869-8652-1f2e6558e5b5,Avoid person win interest into yeah.,1110958,152397,25666
34,Twitter,2025-07-02,https://twitter.com/post/5a962697-1561-4ed0-991a-d1fab716ed05,Inside behind something mission who tonight.,1082475,155878,15497
34,Twitter,2025-05-16,https://twitter.com/post/1828663c-3bf9-420e-b7d5-7819d6f86666,Explain research power animal major now fight.,420716,29837,1710
34,Twitter,2025-05-13,https://twitter.com/post/dd6028f9-ba3a-404d-91ee-34c4088f8968,Together make worker it always animal.,513227,76518,10914
35,Instagram,2025-02-26,https://instagram.com/post/9b613f47-a986-4554-9c9b-fa8de6a49870,Week itself effort then medical.,539588,86344,9266
35,Instagram,2025-04-01,https://instagram.com/post/f459db72-d909-4a5f-a13d-9e0b9d7bf2f2,Significant often avoid official better art serious.,241867,27731,5405
35,Instagram,2025-03-28,https://instagram.com/post/03509e4d-0a18-4c46-8693-8a42cb595b8b,Than car who can everybody door argue financial important between remember.,295355,45165,8941
35,Instagram,2025-02-06,https://instagram.com/post/7a27e16e-8bbb-471a-b386-900932cc945f,Professional game before sure result black receive ball outside guess require.,446578,70790,7096
35,Instagram,2025-01-26,https://instagram.com/post/d15de860-8a69-4e0e-8867-db54c97de443,However hit stand meeting forget.,166141,20328,3223
36,Twitter,2025-03-04,https://twitter.com/post/63f131e9-581d-459c-900c-33a391490992,Ago office court capital finish nearly know than.,507608,46045,5680
36,Twitter,2025-01-20,https://twitter.com/post/7d88f1e5-bc15-4984-ad62-13ace37a5116,If always as out smile north idea central receive have.,607640,83625,12435
36,Twitter,2025-07-19,https://twitter.com/post/eb25241a-25f9-4793-ad2c-ef6af992d891,Work example science also rich.,126669,30986,4136
36,Twitter,2025-03-04,https://twitter.com/post/68975fa6-9d1e-46a3-964a-941310c63632,Per analysis loss task above range management institution travel.,196986,16088,1989
36,Twitter,2025-05-22,https://twitter.com/post/64376e7e-6cbf-4aff-8dae-54ebb243ef1f,Various either herself add face trial.,383680,26336,5232
37,Instagram,2025-02-28,https://instagram.com/post/0021b5cb-daf4-4aae-96bc-4ad0f3d8ba37,Either you feel health degree any up statement.,491876,36149,6198
37,Instagram,2025-03-06,https://instagram.com/post/5bb1780d-f41b-4cfb-8f2b-895719e8da20,Economic edge country wall goal hair my left.,524760,101446,11819
38,YouTube,2025-05-22,https://youtube.com/post/9a7139b3-e607-4953-89e6-a26c16fcec01,Door mother nice evening medical.,355412,52067,5741
38,YouTube,2025-05-17,https://youtube.com/post/c205c2b7-cd07-4ce4-912f-9e18386bf8ba,Part them well wind condition close.,384395,30339,1893
38,YouTube,2025-01-23,https://youtube.com/post/69e68f4f-ea66-48f4-ac97-870b24fac337,Activity hit memory relate stand energy thousand message.,484472,96535,5136
38,YouTube,2025-06-18,https://youtube.com/post/a6a9d83e-f2ce-4f98-addb-1970d42bcf08,Door just better Congress.,112799,23071,4043
39,YouTube,2025-04-06,https://youtube.com/post/7f405c1f-8947-41f3-bc72-f2d08f0d4ffe,Crime attention own social though.,1109889,168200,28508
39,YouTube,2025-05-30,https://youtube.com/post/a7ab1ac2-bfa8-49a9-a8ca-25124e452ba2,Into range piece audience final coach either discover form study economic.,404639,44393,5761
39,YouTube,2025-04-02,https://youtube.com/post/b9a49b2a-751b-48ae-b88f-30b9937e1db6,Pay tell author class animal.,1179887,174538,9645
39,YouTube,2025-07-14,https://youtube.com/post/e69a1760-1ba6-4d44-be91-4eb7fd5ac4ea,Concern student surface exist four.,681518,81117,10044
40,Twitter,2025-06-13,https://twitter.com/post/28680054-4c67-441c-a034-1d8c58bef4fa,Store education small represent list Congress source range.,157774,18042,1119
40,Twitter,2025-06-24,https://twitter.com/post/c809d1e2-0ae1-432e-a522-7ce00c13134d,Study significant apply happen customer.,227715,37427,2608
40,Twitter,2025-03-15,https://twitter.com/post/3446c82b-9696-4b1a-b903-316befea10f1,Up science before always daughter.,250257,14697,2301
40,Twitter,2025-03-16,https://twitter.com/post/01825d52-f412-4d74-9cae-38de495c5303,Surface put finish way guess.,229947,48813,4668
40,Twitter,2025-06-24,https://twitter.com/post/983d7870-7b12-4187-825c-5c93e823ce92,Main finally also more moment eye else film my doctor.,217949,46673,9182
41,Instagram,2025-01-21,https://instagram.com/post/ea4d4e28-9108-499d-a25a-d6654cc92111,Agree water great no heavy chair myself agreement see.,603411,45406,8813
41,Instagram,2025-03-31,https://instagram.com/post/504d46d5-949b-43e7-9a1e-25d12b3202de,Low ten drug research past idea degree civil support happen.,241713,16937,2941
41,Instagram,2025-03-09,https://instagram.com/post/ad3d524a-d1b4-4d7b-bb5f-3b1f1cfa3264,President challenge thousand source growth listen candidate note soldier put.,108950,25286,824
41,Instagram,2025-05-03,https://instagram.com/post/f27788ad-d305-4847-9811-e4c5a556fddd,Authority field even gun lawyer environmental exactly home image garden.,134352,30119,5869
41,Instagram,2025-04-16,https://instagram.com/post/987a67b9-01ca-4f93-9b24-321f861ac3db,Say help choice various within.,94728,19542,1466
42,YouTube,2025-02-17,https://youtube.com/post/2f79de3e-935c-4a3e-ac54-4f6af60332f5,Note machine such price before cover business after.,571839,126006,22038
42,YouTube,2025-06-30,https://youtube.com/post/984862fb-4ba7-4ac8-af80-3169d2d37b6f,Drive leg serious seat official maybe.,733572,92431,7748
42,YouTube,2025-07-03,https://youtube.com/post/79dcb190-92ee-4bc8-bb88-436afedc3a0b,Family increase few at those onto yeah event sign at.,625013,126177,22498
42,YouTube,2025-06-02,https://youtube.com/post/20b1171b-45a2-4e70-8992-c8b63278ea14,Support sense performance spend indicate specific sort factor.,97893,6234,855
42,YouTube,2025-07-17,https://youtube.com/post/021d09e6-67af-4336-8db4-256b2b9e5ab1,Attention grow wall else wait.,781116,194876,30585
43,Twitter,2025-04-03,https://twitter.com/post/9e7beffd-42b9-4c88-a1e0-e6835ce4f2cf,Right realize forget sing remain hold half interesting soon.,662544,133882,20036
43,Twitter,2025-03-21,https://twitter.com/post/56955d91-5338-4c3b-bd7f-e7f0efee69a5,Best put technology realize great quickly image analysis number though artist.,118608,9876,799
43,Twitter,2025-04-28,https://twitter.com/post/311993c6-9bf4-43aa-863b-bfdbe81e069d,Young writer society data charge defense focus.,74267,8531,337
43,Twitter,2025-01-19,https://twitter.com/post/edf8b5d4-e8f3-4209-9263-935ad7c4a495,Impact statement goal shake board instead policy free activity toward.,278447,37907,2710
43,Twitter,2025-06-28,https://twitter.com/post/e288963c-f0d2-420d-ba79-c506d900751f,Near radio state fine career break teacher program.,311652,58079,3520
44,Twitter,2025-02-15,https://twitter.com/post/611f1ff0-54b4-4025-90df-bd5cd92bbc8a,Education attack receive especially decision raise.,149856,33592,4546
44,Twitter,2025-03-05,https://twitter.com/post/197f8c81-a91c-4da3-be29-c89306f819cb,Place reveal best play enter production commercial another know.,292642,68058,3697
44,Twitter,2025-01-28,https://twitter.com/post/f85bb908-ccfb-4e69-b413-c96e8b58f664,Mr think plan star participant.,486997,49087,3603
45,YouTube,2025-06-27,https://youtube.com/post/3735e150-656c-4d3f-89bf-c891f894d2a4,Loss door move this direction end its eat.,366770,52466,4139
45,YouTube,2025-01-23,https://youtube.com/post/7387b0da-19a1-4d16-9f71-76f4c18b58e7,Responsibility note grow several discuss have your check gas.,236224,15300,2917
46,Twitter,2025-05-25,https://twitter.com/post/28a0a408-64b3-4f31-848a-ac483f9b14c1,Understand part hope traditional from information kitchen surface.,765350,103216,7484
46,Twitter,2025-04-14,https://twitter.com/post/926b7251-da6f-4627-8e3c-072a5d375371,Nor drop capital camera during.,981754,88204,8414
46,Twitter,2025-07-15,https://twitter.com/post/aab4a345-88f5-4ef2-8729-a45dd709c0a0,Pm piece forget peace public sense truth along.,602044,58663,7463
46,Twitter,2025-04-15,https://twitter.com/post/0b6f722a-8c30-46f5-af2c-5e8c1a5d98cd,Yourself crime foreign school receive until own speak.,698104,173505,13913
47,Instagram,2025-06-21,https://instagram.com/post/78c85ead-029e-429a-8f80-18590bacf966,Moment but significant ground forget.,98718,16109,2361
47,Instagram,2025-05-05,https://instagram.com/post/e3b540bc-faa6-4dc7-8637-7098735f14b0,Suddenly wall recent who strategy impact knowledge character.,225750,13501,1796
47,Instagram,2025-03-20,https://instagram.com/post/2f9bcc5c-f9f8-432f-a7a7-d6637a1a7cb8,Itself one establish edge address data daughter civil American.,158763,36647,2882
47,Instagram,2025-05-09,https://instagram.com/post/a194bff0-5b61-4e5d-b034-abe69d5bda6e,Bit pressure try street suddenly success whom knowledge material move.,240391,41206,3704
47,Instagram,2025-04-18,https://instagram.com/post/55a0f5df-2305-435f-825b-5a1fa711f9ff,Exactly mother relate black believe front eight.,196558,34236,4971
48,Instagram,2025-03-15,https://instagram.com/post/b33c8a73-3163-4132-bc9c-9d46eecfec89,Nice series other most relationship production make nearly data apply else.,467388,107817,15081
48,Instagram,2025-03-09,https://instagram.com/post/198d848a-dcc7-481a-878c-5b539779643d,Interest one lead another matter.,259861,35903,4614
48,Instagram,2025-07-07,https://instagram.com/post/dcad92ae-2ee1-4487-93e4-d518f418af83,Conference need fact entire lay unit.,535051,36397,2917
49,Twitter,2025-03-26,https://twitter.com/post/66b0773f-9bbb-420e-bd1e-113c5ad45756,Want policy popular consumer force security garden than wife.,24758,1892,230
49,Twitter,2025-02-13,https://twitter.com/post/685c29a2-9042-4bfe-81bb-311f96ff89e8,Exactly arrive age sense meet.,98681,15411,2855
49,Twitter,2025-05-10,https://twitter.com/post/b7e506ba-b922-4df1-a6a8-b60e0f9b0bd7,Condition attorney will threat wind phone.,85582,8677,1476
49,Twitter,2025-01-19,https://twitter.com/post/d3efd173-03e9-4096-9053-cacca9c527f9,Society police room size set among those environment.,53200,11241,1763
49,Twitter,2025-06-23,https://twitter.com/post/7449c9a2-6aec-4be6-a213-ab945d17ad5e,Wish bill beautiful particular enter last audience.,39905,2914,564
50,Instagram,2025-06-06,https://instagram.com/post/2f102e8a-6799-4bf1-9a4b-01d25ca88a2d,Section speech old hundred than toward.,74991,7133,1034
50,Instagram,2025-04-17,https://instagram.com/post/d55f4593-0584-4c09-b46c-25c3bd457ef0,Seek care feel there section.,67915,8793,1528
50,Instagram,2025-03-16,https://instagram.com/post/eb505e87-7eec-41d5-a8a9-69df54cc8856,Heart your five form rest lay describe beyond.,57524,3915,380
51,YouTube,2025-05-03,https://youtube.com/post/7364f764-02e5-44f2-b752-7b365c8f1261,Community exist recently young stay wonder painting author weight.,179159,25253,3646
51,YouTube,2025-04-19,https://youtube.com/post/bf817f9e-af18-41af-83a7-893d5b0d1402,Reduce like why effect arm doctor year owner level break.,217924,36374,6176
51,YouTube,2025-02-13,https://youtube.com/post/7e6c9431-823f-41f5-9cc2-a78f695b7731,Surface letter send former represent across.,294430,21101,1471
51,YouTube,2025-03-11,https://youtube.com/post/1de10a9b-2dd8-4cba-b09b-50eae6f0bb31,Yard what case direction look.,33101,7508,941
52,Instagram,2025-04-19,https://instagram.com/post/ed76e3ff-e129-4d8d-a29a-79cc7b3aef4d,Poor population each before international.,467487,82782,9017
52,Instagram,2025-03-10,https://instagram.com/post/796c0a78-94ef-45d0-ac7a-31f276935386,Pretty bar story especially people important guess.,501303,90158,4493
52,Instagram,2025-05-07,https://instagram.com/post/66ab287f-4b07-4d51-9d6c-0edddb576f4e,Thousand wear traditional sure around then capital.,86245,4954,987
53,YouTube,2025-04-03,https://youtube.com/post/0ade374a-a987-478b-8f9e-902cad6e3bad,Fly walk room stock concern I however watch appear.,54790,12462,661
53,YouTube,2025-03-14,https://youtube.com/post/4893554e-8856-40f1-89ee-1c6f29f79db0,College evening collection pull relationship summer score.,158617,29200,4564
54,Twitter,2025-05-10,https://twitter.com/post/c83b625a-6232-41cf-942b-211d6e599242,Close cold include material feel argue.,83290,16268,2936
54,Twitter,2025-07-05,https://twitter.com/post/1ed1e005-3ea8-44e7-ba49-2a6d074751dd,Any our moment beat.,91590,19851,2673
54,Twitter,2025-06-10,https://twitter.com/post/54f88839-e051-47f2-b277-96ac3ab4baf0,Hit herself machine third poor computer one we activity too.,126482,13400,1974
54,Twitter,2025-05-10,https://twitter.com/post/8f76ff96-4f21-42ee-8b50-8b6802839c8d,Morning your note house actually court toward Mr many.,37845,5258,368
54,Twitter,2025-06-27,https://twitter.com/post/b170f0f3-233a-4e50-8ce4-03586a6e9c4e,Congress half they thing since doctor full.,55702,13713,1267
55,YouTube,2025-02-24,https://youtube.com/post/c2c16c6d-5ada-4608-a1f2-eb5276167a27,Kid scientist carry government thing vote source.,73484,7728,1503
55,YouTube,2025-03-19,https://youtube.com/post/4e586aa3-22dc-4ab0-8140-9636b4747690,Foreign thought after eye of.,504546,108395,4941
55,YouTube,2025-01-25,https://youtube.com/post/d0d24868-0d1f-4126-bda4-380a7ed0f329,Break case return whose Democrat include.,147016,26153,5102
55,YouTube,2025-02-05,https://youtube.com/post/c2e0b442-a847-4a28-9204-b5c4c817605d,Paper often toward store prove very make.,68646,8011,1586
56,Twitter,2025-07-18,https://twitter.com/post/561d0eb7-f861-477e-a073-f9320df70cdd,Financial himself order relationship exactly bit relate decade.,75834,15396,1004
56,Twitter,2025-07-04,https://twitter.com/post/b17d65ec-aef8-4cea-a0ea-c249300fc746,Risk manage wear current southern security moment.,145880,32668,2804
56,Twitter,2025-05-13,https://twitter.com/post/2177abc4-f277-4628-8052-3c235c2573c3,Resource human tell commercial get water.,113364,26085,795
57,Instagram,2025-04-08,https://instagram.com/post/3341c200-3c2a-4384-9abb-747e04e80779,Relationship drug approach responsibility keep finally a.,250181,39539,6553
57,Instagram,2025-06-27,https://instagram.com/post/c7c9e604-8040-4d6a-80c0-5e4dbb5576d7,Bring water scene ever.,46590,10403,545
57,Instagram,2025-03-06,https://instagram.com/post/402cad56-7821-48bd-b8a7-a965ef04969c,Hear black dark would television into plant fear.,104196,21640,2815
58,Instagram,2025-03-25,https://instagram.com/post/6521ac10-ac6d-49b3-be99-041d8131a2f4,Night world small some especially.,131944,7979,1245
58,Instagram,2025-05-24,https://instagram.com/post/3d7c2c42-891d-4ebd-be5f-5ba91c8a74e3,Cup maintain material benefit wait serious daughter.,307023,61138,6783
59,Instagram,2025-02-18,https://instagram.com/post/57d66c04-ff38-43eb-8e6c-b77bc25261f1,Threat page even perform so song song try people provide.,616024,44237,5116
59,Instagram,2025-06-06,https://instagram.com/post/f637d3c8-3261-401d-b576-8c418cb4cfd3,Very follow once five final red note age specific.,1056699,61999,10115
59,Instagram,2025-06-14,https://instagram.com/post/d2a22d1e-529e-4b00-856e-602232a80f98,Beautiful conference matter common west watch.,976722,150698,16255
59,Instagram,2025-01-31,https://instagram.com/post/a949adc6-6139-429d-ab3e-d1abca197877,Continue check statement only as middle evidence.,1075675,66869,7451
60,Twitter,2025-02-06,https://twitter.com/post/f37e7c32-019f-4c9f-81fa-14281c0041bc,Stock behind result money would popular among mean improve.,35866,2567,387
60,Twitter,2025-01-30,https://twitter.com/post/8fa0d8e6-7b2f-4848-8ed6-c4602e7ee40e,Artist successful best drive father poor.,37065,8519,722
60,Twitter,2025-02-18,https://twitter.com/post/73c7fca1-9ab6-4c75-be26-05e8f9c56957,Six player never character big.,16591,1248,169
60,Twitter,2025-04-12,https://twitter.com/post/822972e3-e3dd-40b3-b421-a02887ef0a4a,His responsibility culture seem leg recently reveal major society boy.,46899,9024,855
60,Twitter,2025-05-11,https://twitter.com/post/a781b9a0-3774-455d-933b-97a6469a6904,Feeling could team hour modern able.,47733,5201,603
61,Instagram,2025-04-25,https://instagram.com/post/55c27764-5748-4a03-86f3-fb60285bf0bf,Glass year son follow body hope quite area month make.,205200,39061,6834
61,Instagram,2025-05-13,https://instagram.com/post/e701c89d-28c6-4612-bf11-f95ca01d04eb,Start management reduce east thus onto effect west.,800802,163197,24894
61,Instagram,2025-01-26,https://instagram.com/post/944e6d2f-0784-4577-83ea-13552485f82e,Cause feeling paper main long less much.,330254,46338,3190
61,Instagram,2025-05-02,https://instagram.com/post/7bca1198-dd11-4325-8254-cacf45266ea1,Look less music visit organization design alone little character.,464014,65286,6575
61,Instagram,2025-07-17,https://instagram.com/post/a580f057-0f82-4d1a-94d9-1694c038b452,Piece hit author authority reveal.,200782,27176,3888
62,Instagram,2025-03-03,https://instagram.com/post/027c5e4b-0709-4068-abcf-18e2464efaf0,Trade gun ahead describe break.,591411,110809,12258
62,Instagram,2025-07-11,https://instagram.com/post/380fdbb6-4d61-458b-b3f6-64a6fe5923b6,With left turn subject member method person to book author.,103126,6916,715
62,Instagram,2025-05-20,https://instagram.com/post/258e601b-8889-4fd6-a226-120b5a73d38e,Quickly any research third contain big.,473070,58911,3070
62,Instagram,2025-06-05,https://instagram.com/post/497e2451-6b7f-44b1-a49d-ac191e817d6f,Media of instead cold car same.,85436,20617,2587
63,Instagram,2025-01-24,https://instagram.com/post/d3451bea-7146-4485-9b39-6fb569fca1e8,Direction stay yeah serious.,224829,50523,9598
63,Instagram,2025-05-06,https://instagram.com/post/f62defb8-4124-450b-809d-1716665b4fc1,Right speech out himself present individual glass trouble but everybody.,230264,53690,2080
64,YouTube,2025-03-25,https://youtube.com/post/88ac3395-658d-48ce-a5fa-b0c902ff9e64,Feel discover article perform reflect interesting media.,235059,28284,3627
64,YouTube,2025-02-02,https://youtube.com/post/0651e148-1075-4bc6-9881-71809f1fec41,Project trade ten couple red happy candidate step some point.,103244,18723,1275
64,YouTube,2025-02-05,https://youtube.com/post/9e3bbbe0-6594-48cb-818a-5005ba65e41b,Eat young kitchen study cold individual.,67706,14832,1371
64,YouTube,2025-07-01,https://youtube.com/post/37c2a5cd-8bcb-4557-ad11-383030dd02f4,Point which yes wish employee allow baby note question shake.,290208,47832,7998
65,YouTube,2025-04-29,https://youtube.com/post/8cf7b88f-ce36-41ea-bdde-7ee2bc6c39b9,Collection enough official whom reach.,587664,106699,15779
65,YouTube,2025-02-15,https://youtube.com/post/4e5e308c-05da-447e-b53d-426a02965ffc,Tough kid front fire college election eight positive.,100640,10532,1681
66,Instagram,2025-02-12,https://instagram.com/post/de8bce83-afdc-4b03-952d-663e34ba91d8,Feeling even end raise recognize.,115831,9994,543
66,Instagram,2025-07-05,https://instagram.com/post/cf8936c2-8a8d-41dd-821e-4b89fcfbdae0,Officer color task level cultural north commercial blue hot.,196119,12535,1955
66,Instagram,2025-04-04,https://instagram.com/post/52b49e2e-f820-4785-9fbf-a157ce8081b7,Claim attack nation condition election someone local head.,278541,19038,2288
66,Instagram,2025-01-19,https://instagram.com/post/a8300fef-7274-488f-9d46-a915bcb9a905,Matter including apply continue accept especially bill.,122428,17229,977
67,YouTube,2025-06-20,https://youtube.com/post/021bbfd6-f6cc-438c-9a42-6e43d6e7c5c5,Piece growth clearly behavior pull southern whatever against.,709918,145793,18441
67,YouTube,2025-05-27,https://youtube.com/post/0c017e2d-99db-47a8-beb2-ba703e675950,A military room technology contain trade.,153661,9299,527
67,YouTube,2025-06-06,https://youtube.com/post/8243ec89-4002-4bb5-9c27-f214eb7ae9c7,Hear seven upon range adult.,619260,114435,8726
67,YouTube,2025-06-09,https://youtube.com/post/680a0e3d-7948-4b0f-b1c3-aa75babe09f8,Shoulder education skin make rock everyone other above minute.,657793,96782,10176
68,Twitter,2025-06-02,https://twitter.com/post/96bd1f16-3a7c-40b6-8942-a9abdf62d6b9,Drop seem memory big course crime foot general analysis front begin.,171916,26211,2324
68,Twitter,2025-02-15,https://twitter.com/post/32ff829d-5d7b-4c44-80fe-ed22d94d2868,Quality low common it report.,113197,21014,2749
68,Twitter,2025-07-15,https://twitter.com/post/b896b368-f84d-4807-a484-45911bce8004,Discover art sound medical office treatment true.,346574,38706,2612
68,Twitter,2025-06-19,https://twitter.com/post/8c14c197-496c-4b5f-ad1a-64ec303676d6,Quite television resource recognize stop president consumer bring general.,603212,36769,2380
69,Instagram,2025-03-02,https://instagram.com/post/92cceb1a-c1cf-4dcf-9b2c-435b9b5ff3c0,True week western about crime way although feeling read wish.,512162,103882,8228
69,Instagram,2025-05-27,https://instagram.com/post/c198ca7e-2cb9-44ed-ba52-0653fd9ce661,Color green require letter team.,125849,18811,1941
69,Instagram,2025-03-19,https://instagram.com/post/5cd435f5-2c80-463f-8da5-e813b7bd8b51,Seven office food nature shoulder measure others lose.,131340,20556,1420
70,Twitter,2025-07-16,https://twitter.com/post/47a3907f-5717-4f77-af5e-4dfd898641b8,Organization share around mention various until car different.,14568,3239,120
70,Twitter,2025-06-13,https://twitter.com/post/839485b1-f1aa-47e7-8a15-34c8a64f1222,Always here data season action well control bit sell.,9801,2295,405
70,Twitter,2025-05-07,https://twitter.com/post/78d01a72-7032-4779-9d43-8a17a43e78bd,Road present item candidate record pattern.,59592,9813,1477
70,Twitter,2025-03-16,https://twitter.com/post/40c9fe47-beb7-4fe9-9b1c-42bb47f431c1,Energy if according fish politics security.,45463,3320,111
71,Twitter,2025-07-20,https://twitter.com/post/51d9ffd5-ec1d-4b3a-88ef-cd3f782c6f4b,Note walk daughter man American change.,288290,69052,7472
71,Twitter,2025-02-20,https://twitter.com/post/725c709a-9fbc-4956-8227-fd57956150ad,Much beautiful treatment for suffer talk remain coach whatever.,856282,104783,10922
71,Twitter,2025-04-20,https://twitter.com/post/d5145f6f-ae0b-442b-8671-647720b87e4c,Increase defense offer anything few use line ground clearly war.,215872,29603,2903
71,Twitter,2025-02-27,https://twitter.com/post/817f8fd8-103e-47aa-afb9-7c57711996f0,Model more better cover thousand top phone network west.,186014,41686,6535
72,Twitter,2025-04-19,https://twitter.com/post/99b12e6f-ea92-43e1-9e70-5607dff5265c,Smile according run get themselves across kind sea individual similar.,24098,2015,235
72,Twitter,2025-02-16,https://twitter.com/post/624f0901-02eb-41b9-bd3f-c267cf8f04ac,Others authority court day pass authority quickly one.,11648,1770,325
72,Twitter,2025-02-05,https://twitter.com/post/470da9dc-8046-403c-8d06-297f0869393b,Hope hotel wall I guess important business him have.,25025,4891,827
73,Twitter,2025-04-30,https://twitter.com/post/d96717d9-1324-463b-b8c0-298c8fce41ed,Good their religious base lay wall also election.,223863,17749,1127
73,Twitter,2025-03-19,https://twitter.com/post/8094ac96-27a6-4703-83b3-391599adbc01,Create image Mrs remain guess adult house.,474379,95844,13555
73,Twitter,2025-01-22,https://twitter.com/post/8f644794-b8e6-4cc8-be5c-e8c4f737dfd7,Politics such man hospital apply build.,183410,37520,4277
74,Twitter,2025-05-27,https://twitter.com/post/19f28584-7561-4165-a627-4c565ec61a72,Nearly probably test hard how discuss cover hotel.,190385,43104,6004
74,Twitter,2025-05-30,https://twitter.com/post/5b380e07-e520-4ecb-a7f8-4a1a0c361068,Benefit course discussion than try stand training.,265695,30459,5941
74,Twitter,2025-04-23,https://twitter.com/post/6b8ec83d-0d37-4fad-9d07-dcb24031d204,Floor various consider American nearly word.,100377,13847,1519
74,Twitter,2025-02-26,https://twitter.com/post/cba56bd4-991f-4918-a866-d7cb8063ad3f,Left conference people range second former.,178117,37273,4865
74,Twitter,2025-06-06,https://twitter.com/post/28010e74-2ac1-4c1e-a5f6-554042910be0,Force allow husband sometimes design property probably.,109206,7080,768
75,Instagram,2025-03-08,https://instagram.com/post/ad19c29c-ae26-4c5d-95df-cd132eb042f6,Water stage wish suffer seem most doctor major perhaps picture.,69097,14948,643
75,Instagram,2025-02-04,https://instagram.com/post/2feaf7b0-24cd-4b03-8f69-18d90578328f,Its everything hit study grow fish although.,446548,98713,13281
76,Instagram,2025-05-09,https://instagram.com/post/aa2695fa-3996-4b3d-8b80-491893cad5ce,At anyone price small campaign air reveal several within then.,207988,33457,5507
76,Instagram,2025-05-01,https://instagram.com/post/2194ae10-66b3-4f23-9aef-325304b9a208,Enjoy various series message opportunity woman student agree table sure moment.,370724,51881,8698
76,Instagram,2025-04-10,https://instagram.com/post/c8d1f163-7dd3-47fe-adea-09c6ea7f7842,High others parent structure high entire.,279041,31895,3535
76,Instagram,2025-03-02,https://instagram.com/post/951306c5-914e-4446-974e-ab0212f2438e,Although word citizen one factor resource treatment blue civil floor.,90830,5665,269
76,Instagram,2025-03-04,https://instagram.com/post/6f68b4c4-4650-47e3-b126-32ca7c39526c,Market yourself just hair than choose surface.,371945,44145,6685
77,Instagram,2025-06-01,https://instagram.com/post/0231013b-7cca-4d4e-bb56-77318cd59664,Garden another lot option TV throughout meeting there also little.,85882,16448,3264
77,Instagram,2025-06-15,https://instagram.com/post/65172222-c48a-4369-85d8-4374a288bed3,Economy true specific manage young describe.,406115,69835,6415
77,Instagram,2025-01-24,https://instagram.com/post/8b60313f-51dc-4abe-ad19-e34a2a74d755,Could garden actually western next professor civil along across consider.,666216,84931,13729
78,YouTube,2025-04-27,https://youtube.com/post/4a01f1d4-40a5-4517-bcc2-9ad1ed1b5dc4,East against everyone eye develop suffer have difficult man.,523244,93901,3869
78,YouTube,2025-04-25,https://youtube.com/post/e87b4a22-f0ea-445b-9d61-c20ae3228554,Rule court trade sister can painting feeling relate shoulder people money.,110229,20466,1602
79,Instagram,2025-03-28,https://instagram.com/post/2a4a2a39-0419-49da-9dfe-bd7534ca23fc,Cold own represent affect bar together friend check push produce.,434953,72440,3914
79,Instagram,2025-07-20,https://instagram.com/post/f18e3282-1657-45a1-b4da-c5cfd518f042,Find with right why land commercial how first stop wait.,451827,110037,16367
79,Instagram,2025-05-28,https://instagram.com/post/599cd12a-c913-4b1c-b88e-5c882a426d07,Late one explain shake beat effect different administration sport.,495025,83663,15850
80,Twitter,2025-04-23,https://twitter.com/post/7123e177-1324-47a3-81a7-0effa318f7e7,Protect bring shoulder picture environment traditional east however.,335583,59968,5147
80,Twitter,2025-05-22,https://twitter.com/post/10895919-4462-4617-9e65-a92ee2ee7f98,Reduce fact far wish bar.,112941,21522,4110
80,Twitter,2025-02-11,https://twitter.com/post/1a8605aa-ef24-4117-a321-a6cce671289f,Pick report standard material significant seat thousand.,561898,130635,5994
80,Twitter,2025-02-08,https://twitter.com/post/1bd93af8-0a4f-4506-bed5-de4451c63d20,Make why center push find know wrong between million rate.,393181,59644,1974
81,Instagram,2025-04-07,https://instagram.com/post/54e4b845-5765-433d-8e60-720737a88118,Near indicate sport market whether chair.,168424,15636,2988
81,Instagram,2025-02-12,https://instagram.com/post/1dec4849-2ca6-46ba-9c93-36cf2df92701,Bit couple kind two night walk.,358485,34166,1823
81,Instagram,2025-06-21,https://instagram.com/post/c06d23f3-00ab-40cd-9c57-d0484de7398b,Responsibility key cup condition.,104390,22849,1078
81,Instagram,2025-05-29,https://instagram.com/post/e917f264-a70d-463b-90aa-1bf9e0035b1d,Policy foot argue back writer thank feeling worker young crime.,535251,116162,20935
82,Twitter,2025-06-18,https://twitter.com/post/e0381c0e-fef9-4404-bde0-c88859c09e5d,General trial act education and before thus.,817370,184135,24870
82,Twitter,2025-02-16,https://twitter.com/post/b1faa748-8696-4050-b4eb-02ab189b38b7,Short million leg land only blue move agreement democratic natural.,747143,60406,3669
83,Instagram,2025-03-31,https://instagram.com/post/52b22d2b-e868-4936-b56d-31f6c4c5f366,Early chair foot mind thing space member step cause.,117053,6875,632
83,Instagram,2025-05-05,https://instagram.com/post/49a77993-e90a-4988-aa97-9b25dfb061b8,Live this science dream great yard.,116823,28495,3812
83,Instagram,2025-01-22,https://instagram.com/post/ae57c719-b647-4537-ade3-58583767019d,Research discussion different successful whom green book itself.,121552,25132,1753
84,Twitter,2025-04-20,https://twitter.com/post/541e12b9-e623-43a0-8439-4eb397c6e286,Form most before exactly free her top person.,134521,28481,3125
84,Twitter,2025-07-16,https://twitter.com/post/042c4168-0a1b-4c98-b785-66dc17ccc4a3,Not politics himself officer modern.,311130,38445,7343
84,Twitter,2025-01-25,https://twitter.com/post/0342bc74-8902-4a72-a660-372d2a84bec6,Type side certain guess bag already beat.,361302,51426,4006
85,Twitter,2025-02-12,https://twitter.com/post/8f77cee8-172d-41b3-a70d-b937bea6d71f,College hear future night guess improve high.,477416,63845,3674
85,Twitter,2025-03-03,https://twitter.com/post/57bd8acb-7b2c-498a-8d8b-cd0eeb656397,Face agree artist memory put ever between.,233642,39937,7125
85,Twitter,2025-07-10,https://twitter.com/post/aef43ef5-8295-49d8-b849-de8c60e3bbac,Shake mean writer after involve police investment less owner theory.,115040,16809,1565
85,Twitter,2025-02-20,https://twitter.com/post/e0f3e32a-a048-4b4e-a73a-e5676166eddf,Hotel moment situation better radio manage suffer.,824243,158485,18654
85,Twitter,2025-04-09,https://twitter.com/post/9b24e0e2-1d6f-47e5-90b5-8c2df57745ae,Sometimes leg option top better Mr yeah.,173327,11573,662
86,Instagram,2025-02-11,https://instagram.com/post/55f22e53-ce07-46da-96fd-abd705324a53,Feeling of news watch themselves finish left yes game.,299513,23802,2484
86,Instagram,2025-05-16,https://instagram.com/post/a6167cb5-aece-4d8e-b5b7-4f176a0f0f23,Hot while reality represent serious person run race.,311871,29442,3141
86,Instagram,2025-05-16,https://instagram.com/post/80f77e2f-f3d8-4fb7-9493-fdbbca082f0c,Yeah state third among matter song inside change must.,132434,7328,286
86,Instagram,2025-06-06,https://instagram.com/post/33d12077-3d29-4823-a250-d65d6dcba132,Control gas hope condition reduce down none detail national.,178260,17318,3447
86,Instagram,2025-03-14,https://instagram.com/post/bbe8f74f-ebba-40c6-8d3f-be32632e678e,Professional station point film.,140049,7791,1466
87,Instagram,2025-03-17,https://instagram.com/post/e4977653-298e-4bf0-bf45-a557ae92a7f6,Side society young assume environmental better.,54570,4230,333
87,Instagram,2025-06-24,https://instagram.com/post/e396cd37-c7cc-4f83-a9b9-7d5d3dc1e96e,Since difference address bar.,56944,10774,577
87,Instagram,2025-02-04,https://instagram.com/post/e976cc57-1553-45ce-88be-efaebba93824,Cup option century friend difficult course.,49260,6882,212
87,Instagram,2025-03-02,https://instagram.com/post/6a2ac2c3-2a1d-4695-aa08-4111b2537570,Station professional happy scene many watch.,10522,1064,182
88,Instagram,2025-04-04,https://instagram.com/post/bf1d7468-fb22-4e1a-a01b-3d7e6f8e0a6e,Ready officer nature tough market help.,63285,6810,552
88,Instagram,2025-03-21,https://instagram.com/post/16c417d8-330e-467c-9c10-64232673c563,Model generation natural even whom because as believe store.,43420,5816,959
88,Instagram,2025-02-13,https://instagram.com/post/a2e994f5-6281-4cba-a12e-a1c7b187110e,Company attack economic professional resource tree west accept six.,171612,12385,2277
88,Instagram,2025-05-28,https://instagram.com/post/3836c477-53a7-4adc-a360-470a03080191,Attack modern history situation board bag large bill mission coach.,215335,11474,1349
88,Instagram,2025-04-10,https://instagram.com/post/1117c3d1-d5a4-4140-87f7-e8a6d0a78eb3,A project American close democratic old international option laugh would.,104230,8204,844
89,Twitter,2025-04-21,https://twitter.com/post/4369b404-da65-4757-bb47-790250108276,Explain best open be send maintain more per.,167164,22285,3185
89,Twitter,2025-03-22,https://twitter.com/post/b4b53265-2504-464f-8d86-52cdf348966e,But certain offer main any year claim newspaper man.,89022,21804,904
89,Twitter,2025-05-03,https://twitter.com/post/70afe30c-d507-41f3-bd11-e13121961d00,What data hair care quickly with recently truth couple.,311142,47127,9331
89,Twitter,2025-06-23,https://twitter.com/post/ba917ee3-bfdb-4202-b06e-367ff913ffb9,Worker leader hospital only travel necessary.,325309,41669,4580
90,Twitter,2025-01-23,https://twitter.com/post/c8a59a1b-5f87-457b-9f85-c53f8f4ec21a,Customer vote into close paper get form.,1103682,111173,3642
90,Twitter,2025-02-10,https://twitter.com/post/d0979c7a-80f1-43d8-bfdb-1ccfec921fd2,Scientist their girl senior floor important than.,905464,107714,16652
90,Twitter,2025-02-09,https://twitter.com/post/caec532e-d868-4ae5-8bb0-ab9e9b5a6f2f,Many analysis unit wide treatment might democratic accept.,740456,151275,23444
90,Twitter,2025-03-16,https://twitter.com/post/c7071089-7503-470a-87d5-d27ee87949a9,Them baby past student build.,435963,25663,3151
90,Twitter,2025-07-08,https://twitter.com/post/d0f5b1db-7c73-463e-b038-71768ad21c80,Particular dream much nearly mouth.,931192,79167,12861
91,YouTube,2025-02-03,https://youtube.com/post/880ef816-11fb-4516-8533-fa0da89350c3,Establish game start woman number firm table of beautiful.,1043487,152042,9272
91,YouTube,2025-04-18,https://youtube.com/post/9a70df34-243a-49b4-bb03-dc25cfa2c152,Media sometimes exist front they car.,219812,42469,8086
91,YouTube,2025-03-26,https://youtube.com/post/9cd21a26-f702-4dc9-8bc7-2d1326570cfb,Matter policy car eye country.,124522,11246,1849
91,YouTube,2025-06-04,https://youtube.com/post/aff6d115-8311-4096-b807-4ca24914ecfa,Should meeting five our attention maybe.,950963,107572,8897
91,YouTube,2025-07-14,https://youtube.com/post/4413d562-f9e7-4b71-91ff-b0e1a900d2e3,Development purpose our tend just fish world.,476244,101478,11211
92,Instagram,2025-06-17,https://instagram.com/post/8e4aa725-d54c-477f-b93b-b8ef2b95dc89,Last bank pretty teacher ten alone.,427781,37739,3422
92,Instagram,2025-05-27,https://instagram.com/post/f7b3e889-2a4b-4ab5-84c9-dddb13122561,Those best send good glass thousand.,441742,98578,8519
93,Instagram,2025-03-31,https://instagram.com/post/bb866e75-388c-4479-9e94-ec8a19931204,Hit chair stand evidence detail executive compare pick even.,932907,128172,12561
93,Instagram,2025-03-08,https://instagram.com/post/5af707c0-1c2a-424b-9fff-c58f83cd9acf,International south factor among.,556071,134177,11758
94,Twitter,2025-05-19,https://twitter.com/post/b75ce121-1ab3-4b80-8be6-b79b3f52b82a,Others go tough herself value Mr raise arm.,175437,26228,4908
94,Twitter,2025-04-29,https://twitter.com/post/e2a76b83-88db-4d5d-a70c-8f87eea35a9c,Wall success direction can real their choose.,182332,38331,5887
94,Twitter,2025-03-05,https://twitter.com/post/638db378-8b35-45a2-8729-159102743495,Hit hit mind individual interesting fire film.,50749,8652,1469
95,YouTube,2025-05-24,https://youtube.com/post/af764557-e19d-4697-a990-421e46598416,Measure image staff poor gun environment.,424809,28043,3992
95,YouTube,2025-06-11,https://youtube.com/post/32287096-6593-4d6d-98c9-d111e41dda55,Fact quite eight popular reduce.,409641,69853,7155
95,YouTube,2025-02-25,https://youtube.com/post/d9b2e823-17ef-4fd4-8c5d-46be944c48d0,Rise training pattern hair three upon interest necessary to class.,804711,96814,3601
95,YouTube,2025-07-13,https://youtube.com/post/ab6f6bdb-af4a-4ebb-bf16-a851ff41d9fa,Interesting evidence parent side heart sell baby husband.,990533,119370,23836
96,Instagram,2025-03-19,https://instagram.com/post/ec4e855d-59f5-47a9-9559-7721782fb659,Camera why night air factor case necessary continue.,736414,153391,6097
96,Instagram,2025-01-30,https://instagram.com/post/e757c1b9-a415-48f9-9a1a-d7810395dccb,Later but gun these chance care.,768391,100845,11821
96,Instagram,2025-03-08,https://instagram.com/post/ba39d795-551d-4ca3-92e8-fc57e6c68e30,Politics suffer computer poor agree.,847755,69513,2453
96,Instagram,2025-07-07,https://instagram.com/post/fa400d20-31e1-4b80-8675-e2357da1bb89,Look ground myself often want office focus school these decade.,947343,175843,18373
97,Twitter,2025-03-03,https://twitter.com/post/851be0ed-2777-46f3-870a-011d1de5b189,Success consumer suddenly control left ask small great.,34456,7087,653
97,Twitter,2025-05-24,https://twitter.com/post/cd1a94b2-c586-4a67-89e0-f08516b8c91b,Next entire feel identify game goal beat.,103223,16871,2241
97,Twitter,2025-02-20,https://twitter.com/post/52cc7628-c9b1-4310-a9ca-a25ab95fd3f5,Story power rather daughter issue campaign unit garden wind we.,167761,40223,3750
98,Twitter,2025-01-28,https://twitter.com/post/040c4672-4c09-4233-9dda-cc9ab5750ccd,Clearly tonight face smile dream treatment future partner though them style.,669909,104433,10199
98,Twitter,2025-04-14,https://twitter.com/post/ceb9bbae-bf4f-4814-8a33-0e1ed0d65871,Write opportunity key behind short main former.,746126,74554,3674
99,Twitter,2025-04-20,https://twitter.com/post/b204662b-28c1-43c4-88c8-6ebd709707b4,Little town easy wind amount order painting.,542275,69084,8668
99,Twitter,2025-06-07,https://twitter.com/post/2d0b4999-983e-44a3-a215-6743d7587dc1,Meet rather skin gas lose whatever result.,324183,33085,3502
99,Twitter,2025-06-28,https://twitter.com/post/be1e7330-993d-422e-a233-be6fafd2bcb5,Put collection national great couple region beautiful join.,999405,107051,19890
100,YouTube,2025-03-09,https://youtube.com/post/163461cc-e8ae-4287-9fb2-90a58d830070,Suggest total fish its window appear leave minute home.,291474,22485,957
100,YouTube,2025-03-08,https://youtube.com/post/d9405bc1-c020-4c5e-a843-530534d156f9,Matter others base traditional watch management stage open.,263915,50849,10146
100,YouTube,2025-02-14,https://youtube.com/post/25f865d3-7b41-4ffa-86ad-673038ff6f00,Explain out performance nearly between buy bad relationship teach sell.,902621,219799,43458
100,YouTube,2025-06-30,https://youtube.com/post/1f4f25fc-3bd0-4a40-84e6-abd41b475bba,Natural law view hotel little suffer open station church.,759758,145803,18006
100,YouTube,2025-06-04,https://youtube.com/post/87f6324b-7e90-4585-886c-5aaea2f961bc,Fire night soon rich gas long itself.,381778,41992,2384
